,precision,recall,f1-score,support
no_tumor,0.5,1.0,0.6666666666666666,300.0
tumor,0.0,0.0,0.0,300.0
accuracy,0.5,0.5,0.5,0.5
macro avg,0.25,0.5,0.3333333333333333,600.0
weighted avg,0.25,0.5,0.3333333333333333,600.0
